{
  "ASTR": 0.7930676165032242,
  "CHMF": 0.8124839745720214,
  "CNRU": 0.8012486119989186,
  "EUTR": 0.7803122124672714,
  "LENT": 0.8351094860816273,
  "MTLR": 0.8437482276562357,
  "NMTP": 0.7876461436831145,
  "OZON": 0.8992302784889592,
  "RTKM": 0.829759503979767,
  "SELG": 0.7200879194561082,
  "SFIN": 0.7421702090852907,
  "SGZH": 0.8058603449262388,
  "SVCB": 0.9252614251100896,
  "UGLD": 0.8733802479347267,
  "X5": 0.8411692550378462
}
