{
  "ASTR": 0.5469937092611175,
  "CHMF": 0.8274699617470646,
  "CNRU": 0.7967805699327442,
  "EUTR": 0.7227172840578597,
  "LENT": 0.8126560255219768,
  "MTLR": 0.7800270466303092,
  "NMTP": 0.5352984679604739,
  "OZON": 0.8083276950711744,
  "RTKM": 0.7003384987417997,
  "SELG": 0.6635891231973272,
  "SFIN": 0.7331086654605602,
  "SGZH": 0.6837166260174624,
  "SVCB": 0.781415608791404,
  "UGLD": 0.6923216714236644,
  "X5": 0.8318173122190239
}
