{
  "ASTR": 0.5119176438727462,
  "CHMF": 0.46841427464811847,
  "CNRU": 0.5010612498828542,
  "EUTR": 0.4823068961511135,
  "LENT": 0.49287076677293995,
  "MTLR": 0.514445638732958,
  "NMTP": 0.4792384074419076,
  "OZON": 0.5413921452797136,
  "RTKM": 0.4795957183748711,
  "SELG": 0.4639199371699056,
  "SFIN": 0.482142887532756,
  "SGZH": 0.49368745635114825,
  "SVCB": 0.48931333783604203,
  "UGLD": 0.5137370110872643,
  "X5": 0.4541505064544906
}
