{"ASTR": 0.48782394509854743, "CHMF": 0.7061312239567105, "CNRU": 0.5932301754409388, "EUTR": 0.32107204658827243, "LENT": 0.6496781066065467, "MTLR": 0.7616894393015489, "NMTP": 0.6432552409621136, "OZON": 0.7546501919843853, "RTKM": 0.7138729801350816, "SELG": 0.5027878888279429, "SFIN": 0.4663670112399838, "SGZH": 0.6042116278484465, "SVCB": 0.7792851559228965, "UGLD": 0.27780688090886246, "X5": 0.8349305252843466}