{
  "ASTR": 0.4875667512982867,
  "CHMF": 0.7012777452136684,
  "CNRU": 0.5442384855856711,
  "EUTR": 0.1928831575702859,
  "LENT": 0.6740595487390971,
  "MTLR": 0.7303823399685556,
  "NMTP": 0.5747585950284403,
  "OZON": 0.7002712261492943,
  "RTKM": 0.691515150112668,
  "SELG": 0.4756961470756405,
  "SFIN": 0.6219567141474925,
  "SGZH": 0.5943565807333059,
  "SVCB": 0.7592774060618213,
  "UGLD": 0.34873125646983066,
  "X5": 0.7275751093663175
}
