{
  "ASTR": 0.4837143006961705,
  "CHMF": 0.4806842947425125,
  "CNRU": 0.4846627800241265,
  "EUTR": 0.4815825805735654,
  "LENT": 0.4895374749144733,
  "MTLR": 0.48566669557332776,
  "NMTP": 0.48964203347973445,
  "OZON": 0.48444773841033867,
  "RTKM": 0.4806842947425126,
  "SELG": 0.48068429474251134,
  "SFIN": 0.4861490015981379,
  "SGZH": 0.481582580573566,
  "SVCB": 0.4887997765296228,
  "UGLD": 0.4843791984992389,
  "X5": 0.4773504066228535
}
